macroregion,pct_doctorado,pct_renacyt_doc,pct_contratado,puntaje_medio,nota_prom_egr,pct_prod_rec,ratio_mat_doc,n_ies,pct_pub
Centro,0.23,1.25,61.06,34.71,14.99,55.22,36.35,11,55.00000000000001
Lima Metropolitana,1.04,2.67,64.76,54.64,15.29,48.89,28.97,40,28.000000000000004
Norte,0.49,1.54,46.43,31.61,14.32,39.82,74.19,17,65.0
Oriente,0.61,2.18,49.71,39.54,14.04,57.99,19.69,10,70.0
Sur,0.38,1.74,54.81,38.9,14.99,61.0,23.34,19,57.99999999999999
Unknown,0.0,2.17,32.92,31.78,15.27,51.92,2254.45,2,50.0
